{"val_loss": 0.5138136744499207, "val_accuracy": 0.8439000248908997, "_timestamp": 1720685463.2834997, "_runtime": 87.1194806098938, "_step": 100, "_wandb": {"runtime": 86}}