{"val_loss": 1.4155508279800415, "val_accuracy": 0.7266333103179932, "_timestamp": 1720353170.4199364, "_runtime": 158.03491950035095, "_step": 30, "_wandb": {"runtime": 162}}