{"val_loss": 0.35489264130592346, "val_accuracy": 0.9035000109672546, "_timestamp": 1721648483.2063773, "_runtime": 109.43579530715942, "_step": 100, "_wandb": {"runtime": 108}}