{"val_loss": 0.9885458946228027, "val_accuracy": 0.8199000263214111, "_timestamp": 1721649077.0867403, "_runtime": 110.37732720375061, "_step": 100, "_wandb": {"runtime": 109}}