{"val_loss": 2.31426739692688, "val_accuracy": 0.07020000368356705, "_timestamp": 1720634330.5806856, "_runtime": 4.709510564804077, "_step": 0}