{"val_loss": 0.5257490873336792, "val_accuracy": 0.859499990940094, "_timestamp": 1720685121.3426294, "_runtime": 90.49926948547363, "_step": 100, "_wandb": {"runtime": 89}}