{"val_loss": 0.6734796166419983, "val_accuracy": 0.8320000076293945, "_timestamp": 1720719011.2809403, "_runtime": 108.16017031669617, "_step": 100, "_wandb": {"runtime": 107}}