{"val_loss": 0.4281230866909027, "val_accuracy": 0.8817999863624573, "_timestamp": 1721649701.6957655, "_runtime": 116.94601154327393, "_step": 100, "_wandb": {"runtime": 116}}