{"val_loss": 0.34128043055534363, "val_accuracy": 0.9035000109672546, "_timestamp": 1720690695.3179862, "_runtime": 107.30030035972595, "_step": 100, "_wandb": {"runtime": 106}}