{"val_loss": 0.5883055329322815, "val_accuracy": 0.8443000221252441, "_timestamp": 1721640158.9546692, "_runtime": 133.01415514945984, "_step": 100, "_wandb": {"runtime": 132}}