{"val_loss": 0.402508020401001, "val_accuracy": 0.9067000150680542, "_timestamp": 1720682896.7283952, "_runtime": 115.37893223762512, "_step": 100, "_wandb": {"runtime": 114}}