{"val_loss": 0.6239710450172424, "val_accuracy": 0.8331000113487244, "_timestamp": 1720715681.181717, "_runtime": 87.38720989227295, "_step": 100, "_wandb": {"runtime": 86}}