{"val_loss": 0.674709677696228, "val_accuracy": 0.7602666616439819, "_timestamp": 1720352983.1011899, "_runtime": 54.42127180099487, "_step": 15, "_wandb": {"runtime": 53}}