{"val_loss": 0.8406011462211609, "val_accuracy": 0.8123000168800354, "_timestamp": 1720713332.748861, "_runtime": 150.80444717407227, "_step": 100, "_wandb": {"runtime": 150}}