{"val_loss": 0.6834424138069153, "val_accuracy": 0.8358999991416931, "_timestamp": 1720692129.6881938, "_runtime": 98.00893878936768, "_step": 100, "_wandb": {"runtime": 97}}