{"val_loss": 0.4766940772533417, "val_accuracy": 0.897599995136261, "_timestamp": 1720630194.6548982, "_runtime": 157.9543011188507, "_step": 100, "_wandb": {"runtime": 157}}