{"val_loss": 0.6243370771408081, "val_accuracy": 0.8134000205993652, "_timestamp": 1720691273.844081, "_runtime": 86.36387181282043, "_step": 100, "_wandb": {"runtime": 85}}