{"val_loss": 0.5718485116958618, "val_accuracy": 0.8489000105857849, "_timestamp": 1721649559.0098233, "_runtime": 106.33747839927673, "_step": 100, "_wandb": {"runtime": 105}}