{"val_loss": 0.4577638804912567, "val_accuracy": 0.8913000226020813, "_timestamp": 1720668771.7564874, "_runtime": 110.54137325286865, "_step": 100, "_wandb": {"runtime": 109}}