{"val_loss": 0.6296946406364441, "val_accuracy": 0.8324000144004822, "_timestamp": 1721638622.455159, "_runtime": 104.66364789009094, "_step": 100, "_wandb": {"runtime": 103}}