{"val_loss": 0.5447327494621277, "val_accuracy": 0.8486000204086304, "_timestamp": 1721638414.246304, "_runtime": 141.98264598846436, "_step": 100, "_wandb": {"runtime": 141}}