{"val_loss": 0.37609973549842834, "val_accuracy": 0.897800018787384, "_timestamp": 1721641627.7024553, "_runtime": 140.443683385849, "_step": 100, "_wandb": {"runtime": 139}}