{"val_loss": 0.6573582291603088, "val_accuracy": 0.836899995803833, "_timestamp": 1720635253.0945637, "_runtime": 109.49094772338867, "_step": 100, "_wandb": {"runtime": 108}}