{"val_loss": 0.49570465087890625, "val_accuracy": 0.8497999906539917, "_timestamp": 1720685278.0876887, "_runtime": 87.87268471717834, "_step": 100, "_wandb": {"runtime": 87}}