{"val_loss": 0.41207799315452576, "val_accuracy": 0.881600022315979, "_timestamp": 1720634547.9056954, "_runtime": 77.06906843185425, "_step": 50, "_wandb": {"runtime": 76}}