{"val_loss": 0.5495696067810059, "val_accuracy": 0.8641000294685364, "_timestamp": 1720690567.3654895, "_runtime": 117.70293259620667, "_step": 100, "_wandb": {"runtime": 117}}