{"val_loss": 2.3233935832977295, "val_accuracy": 0.08299999684095383, "_timestamp": 1720634907.2365935, "_runtime": 16.710620403289795, "_step": 1}