{"val_loss": 0.42405903339385986, "val_accuracy": 0.891199996471405, "_timestamp": 1720690838.317767, "_runtime": 106.75887179374695, "_step": 100, "_wandb": {"runtime": 106}}