{"val_loss": 0.5948778986930847, "val_accuracy": 0.8687999844551086, "_timestamp": 1720683997.4537592, "_runtime": 114.66986727714539, "_step": 100, "_wandb": {"runtime": 114}}