{"val_loss": 2.3166682720184326, "val_accuracy": 0.07159999758005142, "_timestamp": 1720634796.3263767, "_runtime": 23.38759469985962, "_step": 1}