{"val_loss": 0.42458388209342957, "val_accuracy": 0.8672000074386597, "_timestamp": 1720686012.4946344, "_runtime": 83.16072344779968, "_step": 100, "_wandb": {"runtime": 82}}