{"val_loss": 0.3924975097179413, "val_accuracy": 0.8864999914169311, "_timestamp": 1720689668.8733141, "_runtime": 250.07751607894897, "_step": 100, "_wandb": {"runtime": 249}}