{"val_loss": 0.495420902967453, "val_accuracy": 0.8742999935150146, "_timestamp": 1720691465.3648117, "_runtime": 101.07981467247009, "_step": 100, "_wandb": {"runtime": 100}}