{"val_loss": 0.4624921977519989, "val_accuracy": 0.8837000036239624, "_timestamp": 1720691974.272523, "_runtime": 101.0243968963623, "_step": 100, "_wandb": {"runtime": 100}}