{"val_loss": 0.46585679054260254, "val_accuracy": 0.8948000073432922, "_timestamp": 1720683539.8954084, "_runtime": 113.41196942329407, "_step": 100, "_wandb": {"runtime": 112}}