{"val_loss": 0.6457203030586243, "val_accuracy": 0.8400999808311462, "_timestamp": 1720719522.0703702, "_runtime": 105.85153412818909, "_step": 100, "_wandb": {"runtime": 104}}