{"val_loss": 0.38086482882499695, "val_accuracy": 0.9071999788284302, "_timestamp": 1720683344.4313855, "_runtime": 113.65620946884155, "_step": 100, "_wandb": {"runtime": 113}}