{"val_loss": 2.295201539993286, "val_accuracy": 0.10959999799728394, "_timestamp": 1720688929.3718538, "_runtime": 83.35523176193237, "_step": 0}