{"val_loss": 0.3380940556526184, "val_accuracy": 0.9114000105857849, "_timestamp": 1720690411.161332, "_runtime": 112.04659390449524, "_step": 100, "_wandb": {"runtime": 111}}