{"val_loss": 0.47008776664733887, "val_accuracy": 0.8520333170890808, "_timestamp": 1720352883.8719084, "_runtime": 130.5396614074707, "_step": 15, "_wandb": {"runtime": 129}}