{"val_loss": 0.5382727384567261, "val_accuracy": 0.8554999732971191, "_timestamp": 1720716354.6767466, "_runtime": 89.12639260292053, "_step": 100, "_wandb": {"runtime": 88}}