{"val_loss": 0.6985317468643188, "val_accuracy": 0.7926999831199646, "_timestamp": 1721701729.2915025, "_runtime": 144.61872959136963, "_step": 100, "_wandb": {"runtime": 144}}