{"val_loss": 0.5506289005279541, "val_accuracy": 0.8889999985694885, "_timestamp": 1720633873.8168757, "_runtime": 143.07875561714172, "_step": 100, "_wandb": {"runtime": 142}}