{"val_loss": 0.5435393452644348, "val_accuracy": 0.8585000038146973, "_timestamp": 1720684711.195889, "_runtime": 88.28069591522217, "_step": 100, "_wandb": {"runtime": 87}}