{"val_loss": 0.5504392385482788, "val_accuracy": 0.8518000245094299, "_timestamp": 1720684812.2983007, "_runtime": 86.27730369567871, "_step": 100, "_wandb": {"runtime": 85}}