{"val_loss": 0.6340627074241638, "val_accuracy": 0.8446000123023987, "_timestamp": 1721642210.2924943, "_runtime": 126.52306938171387, "_step": 100, "_wandb": {"runtime": 125}}