{"val_loss": 0.5314379930496216, "val_accuracy": 0.830600004196167, "_timestamp": 1720685653.023771, "_runtime": 84.13100814819336, "_step": 100, "_wandb": {"runtime": 83}}