{"val_loss": 0.41161227226257324, "val_accuracy": 0.8941333293914795, "_timestamp": 1720337040.643239, "_runtime": 265.72024607658386, "_step": 100, "_wandb": {"runtime": 265}}