{"val_loss": 0.635087251663208, "val_accuracy": 0.8454999923706055, "_timestamp": 1720669018.588194, "_runtime": 100.61339592933655, "_step": 100, "_wandb": {"runtime": 99}}