{"val_loss": 0.507309079170227, "val_accuracy": 0.8601000213623047, "_timestamp": 1720690045.9024622, "_runtime": 94.22391319274902, "_step": 100, "_wandb": {"runtime": 93}}