{"val_loss": 0.8789994120597839, "val_accuracy": 0.7814999723434448, "_timestamp": 1720715313.9380167, "_runtime": 111.39013075828552, "_step": 100, "_wandb": {"runtime": 110}}