{"val_loss": 0.46565884351730347, "val_accuracy": 0.8737000131607056, "_timestamp": 1720715128.3642547, "_runtime": 103.71729874610901, "_step": 100, "_wandb": {"runtime": 103}}