{"val_loss": 0.5898967981338501, "val_accuracy": 0.8647000098228455, "_timestamp": 1720691833.6381924, "_runtime": 101.71144342422485, "_step": 100, "_wandb": {"runtime": 101}}