{"val_loss": 0.5644946694374084, "val_accuracy": 0.8644000196456909, "_timestamp": 1720719188.3150172, "_runtime": 106.93708610534668, "_step": 100, "_wandb": {"runtime": 106}}