{"val_loss": 0.4911407232284546, "val_accuracy": 0.8516999983787537, "_timestamp": 1720686600.3064954, "_runtime": 84.30372548103333, "_step": 100, "_wandb": {"runtime": 83}}