{"val_loss": 0.4802125096321106, "val_accuracy": 0.8584999942779541, "_timestamp": 1720685839.4621305, "_runtime": 84.35120964050293, "_step": 100, "_wandb": {"runtime": 83}}