{"val_loss": 0.5636007189750671, "val_accuracy": 0.8569999837875366, "_timestamp": 1721639759.525112, "_runtime": 112.31295680999756, "_step": 100, "_wandb": {"runtime": 111}}