{"val_loss": 0.32918059825897217, "val_accuracy": 0.9115999841690063, "_timestamp": 1720692286.8566852, "_runtime": 103.7263171672821, "_step": 100, "_wandb": {"runtime": 103}}