{"val_loss": 0.49899622797966003, "val_accuracy": 0.8813999795913696, "_timestamp": 1721640543.3752816, "_runtime": 124.13212466239929, "_step": 100, "_wandb": {"runtime": 123}}