{"val_loss": 0.3531065285205841, "val_accuracy": 0.9046000146865845, "_timestamp": 1720714244.8686602, "_runtime": 118.96763324737549, "_step": 100, "_wandb": {"runtime": 118}}