{"val_loss": 0.49107953906059265, "val_accuracy": 0.878700008392334, "_timestamp": 1720715465.8200762, "_runtime": 109.13335919380188, "_step": 100, "_wandb": {"runtime": 108}}