{"val_loss": 0.502269446849823, "val_accuracy": 0.8771999979019165, "_timestamp": 1720691003.2437725, "_runtime": 105.3392825126648, "_step": 100, "_wandb": {"runtime": 104}}