{"val_loss": 0.4637969136238098, "val_accuracy": 0.8942000269889832, "_timestamp": 1720666270.7531853, "_runtime": 106.28228425979614, "_step": 100, "_wandb": {"runtime": 105}}