{"val_loss": 0.4964815378189087, "val_accuracy": 0.859700014591217, "_timestamp": 1720716666.5215068, "_runtime": 93.5901358127594, "_step": 100, "_wandb": {"runtime": 92}}