{"val_loss": 0.6226429343223572, "val_accuracy": 0.8303000235557556, "_timestamp": 1720716812.9234369, "_runtime": 90.80891180038452, "_step": 100, "_wandb": {"runtime": 90}}