{"val_loss": 2.3020682334899902, "val_accuracy": 0.10100000351667404, "_timestamp": 1720634739.9491146, "_runtime": 15.52739953994751, "_step": 1}