{"val_loss": 0.4324526786804199, "val_accuracy": 0.8904999995231628, "_timestamp": 1720714432.8607123, "_runtime": 119.7349202632904, "_step": 100, "_wandb": {"runtime": 118}}