{"val_loss": 0.3590584397315979, "val_accuracy": 0.8936999940872192, "_timestamp": 1720718855.1124394, "_runtime": 110.12110733985901, "_step": 100, "_wandb": {"runtime": 109}}