{"val_loss": 0.6529040336608887, "val_accuracy": 0.8370000028610229, "_timestamp": 1720689912.5945854, "_runtime": 105.04781246185303, "_step": 100, "_wandb": {"runtime": 104}}