{"val_loss": 0.45062530040740967, "val_accuracy": 0.885799994468689, "_timestamp": 1720691119.0178657, "_runtime": 103.63932275772095, "_step": 100, "_wandb": {"runtime": 102}}