{"val_loss": 0.650622546672821, "val_accuracy": 0.8245999717712402, "_timestamp": 1720714046.5053759, "_runtime": 117.58797478675842, "_step": 100, "_wandb": {"runtime": 116}}