{"val_loss": 0.5693331360816956, "val_accuracy": 0.8540000224113464, "_timestamp": 1720692458.9178622, "_runtime": 105.62374019622803, "_step": 100, "_wandb": {"runtime": 104}}