{"val_loss": 0.4855276942253113, "val_accuracy": 0.8575999736785889, "_timestamp": 1720617970.7324748, "_runtime": 164.2690088748932, "_step": 50, "_wandb": {"runtime": 163}}