{"val_loss": 0.07310784459114075, "val_accuracy": 0.7940000295639038, "_timestamp": 1720618326.2068079, "_runtime": 63.08983778953552, "_step": 50, "_wandb": {"runtime": 62}}