{"val_loss": 0.3569749593734741, "val_accuracy": 0.902400016784668, "_timestamp": 1720635027.7524412, "_runtime": 45.56912612915039, "_step": 50, "_wandb": {"runtime": 44}}