{"val_loss": 0.8100916743278503, "val_accuracy": 0.8305000066757202, "_timestamp": 1720683711.3620613, "_runtime": 111.65235924720764, "_step": 100, "_wandb": {"runtime": 110}}