{"val_loss": 0.39586326479911804, "val_accuracy": 0.8909000062942505, "_timestamp": 1720719379.0190065, "_runtime": 116.19778060913086, "_step": 100, "_wandb": {"runtime": 115}}