{"val_loss": 0.3379625082015991, "val_accuracy": 0.9175000190734863, "_timestamp": 1720683105.5476933, "_runtime": 110.96722221374512, "_step": 100, "_wandb": {"runtime": 110}}