{"val_loss": 0.6170789003372192, "val_accuracy": 0.8672999739646912, "_timestamp": 1720354068.3298354, "_runtime": 271.78538846969604, "_step": 100, "_wandb": {"runtime": 271}}