{"val_loss": 0.6056697964668274, "val_accuracy": 0.8476666808128357, "_timestamp": 1720353493.1864214, "_runtime": 273.070618391037, "_step": 100, "_wandb": {"runtime": 272}}